ID,proportion
018A,0.03161031371203926
0108,0.031608664679032214
0186,0.03160701564602517
0031,0.031605366613018125
02D5,0.031603717580011084
0136,0.031603717580011084
0051,0.031603717580011084
0370,0.031603717580011084
0142,0.031603717580011084
0256,0.031602068547004036
0187,0.031602068547004036
0118,0.031602068547004036
01E5,0.031602068547004036
038D,0.031602068547004036
038C,0.031600419513996995
0129,0.031600419513996995
0111,0.031600419513996995
0175,0.031600419513996995
0101,0.03159877048098995
038E,0.0315971214479829
0299,0.01580927943853724
0257,0.015807630405530196
0385,0.015807630405530196
0488,0.01580598137252315
0206,0.01580598137252315
0185,0.01580598137252315
0148,0.015804332339516107
011A,0.015804332339516107
0119,0.015802683306509063
0240,0.015802683306509063
0105,0.015802683306509063
0155,0.015801034273502018
0145,0.015799385240494974
038B,0.015799385240494974
038F,0.015799385240494974
011D,0.015799385240494974
02B9,0.012196248120102372
039D,0.007905464235772144
030A,0.006322392549009261
0221,0.006320743516002216
031A,0.0063190944829951716
03A2,0.006317445449988127
0311,0.003423392522624733
0286,0.0031941769346455237
02E8,0.0031727395055539433
0263,0.003169441439539854
02A8,0.003169441439539854
03A4,0.003169441439539854
03A3,0.003167792406532809
027D,0.0031661433735257643
0104,0.0031661433735257643
04E1,0.00316449434051872
03E1,0.00316449434051872
0222,0.003162845307511675
03A5,0.003162845307511675
0745,0.003162845307511675
04F6,0.003162845307511675
0211,0.0031595472414975858
03A6,0.0031595472414975858
0331,0.0013489089997625393
039B,0.0007453629191841904
0389,0.0006794015989024036
032B,0.0006480699717685549
0267,0.0003248595023877998
0421,0.0003232104693807551
0336,0.0003232104693807551
0392,0.0003199124033666658
04F1,0.0003182633703596211
03D1,0.0003182633703596211
07B6,1.8139363077491358e-05
07D9,1.649033007044669e-05
0053,1.649033007044669e-05
028B,1.649033007044669e-05
0394,1.4841297063402022e-05
013C,1.4841297063402022e-05
0193,1.4841297063402022e-05
06D3,1.4841297063402022e-05
0533,1.3192264056357351e-05
04D9,1.3192264056357351e-05
00AE,1.3192264056357351e-05
06ED,1.3192264056357351e-05
0340,1.3192264056357351e-05
0485,1.3192264056357351e-05
06EF,1.3192264056357351e-05
07E6,1.3192264056357351e-05
00D6,1.3192264056357351e-05
05D4,1.3192264056357351e-05
041B,1.3192264056357351e-05
0089,1.3192264056357351e-05
026F,1.3192264056357351e-05
028D,1.3192264056357351e-05
016F,1.3192264056357351e-05
0295,1.1543231049312682e-05
027B,1.1543231049312682e-05
035D,1.1543231049312682e-05
0652,1.1543231049312682e-05
0752,1.1543231049312682e-05
0304,1.1543231049312682e-05
0617,1.1543231049312682e-05
067B,1.1543231049312682e-05
03D3,1.1543231049312682e-05
02E9,1.1543231049312682e-05
0440,1.1543231049312682e-05
026D,1.1543231049312682e-05
00A3,1.1543231049312682e-05
04A0,1.1543231049312682e-05
0535,1.1543231049312682e-05
033E,1.1543231049312682e-05
077C,1.1543231049312682e-05
00E3,1.1543231049312682e-05
07C0,1.1543231049312682e-05
03D2,1.1543231049312682e-05
051D,1.1543231049312682e-05
0152,1.1543231049312682e-05
0345,1.1543231049312682e-05
01FD,1.1543231049312682e-05
06E9,1.1543231049312682e-05
03E4,1.1543231049312682e-05
013E,1.1543231049312682e-05
0558,1.1543231049312682e-05
07A5,1.1543231049312682e-05
066A,1.1543231049312682e-05
0518,1.1543231049312682e-05
0038,1.1543231049312682e-05
0338,1.1543231049312682e-05
0441,1.1543231049312682e-05
000D,1.1543231049312682e-05
00A0,1.1543231049312682e-05
01C9,1.1543231049312682e-05
059B,1.1543231049312682e-05
0044,1.1543231049312682e-05
0023,1.1543231049312682e-05
001E,1.1543231049312682e-05
061D,1.1543231049312682e-05
019F,1.1543231049312682e-05
03BB,1.1543231049312682e-05
0739,1.1543231049312682e-05
0273,1.1543231049312682e-05
0658,1.1543231049312682e-05
06F3,1.1543231049312682e-05
07BE,1.1543231049312682e-05
05D1,9.894198042268013e-06
04BE,9.894198042268013e-06
05D5,9.894198042268013e-06
0099,9.894198042268013e-06
03ED,9.894198042268013e-06
067D,9.894198042268013e-06
00EA,9.894198042268013e-06
079E,9.894198042268013e-06
04CF,9.894198042268013e-06
036F,9.894198042268013e-06
04BA,9.894198042268013e-06
0465,9.894198042268013e-06
01DD,9.894198042268013e-06
0207,9.894198042268013e-06
00A8,9.894198042268013e-06
01C2,9.894198042268013e-06
04EB,9.894198042268013e-06
0296,9.894198042268013e-06
0650,9.894198042268013e-06
0780,9.894198042268013e-06
064D,9.894198042268013e-06
0594,9.894198042268013e-06
065F,9.894198042268013e-06
0132,9.894198042268013e-06
07C5,9.894198042268013e-06
0715,9.894198042268013e-06
00AC,9.894198042268013e-06
0778,9.894198042268013e-06
0648,9.894198042268013e-06
06F1,9.894198042268013e-06
07B5,9.894198042268013e-06
06B6,9.894198042268013e-06
075A,9.894198042268013e-06
02FD,9.894198042268013e-06
0449,9.894198042268013e-06
0233,9.894198042268013e-06
0042,9.894198042268013e-06
0356,9.894198042268013e-06
06C0,9.894198042268013e-06
02E2,9.894198042268013e-06
023E,9.894198042268013e-06
0027,9.894198042268013e-06
0246,9.894198042268013e-06
005E,9.894198042268013e-06
016C,9.894198042268013e-06
024A,9.894198042268013e-06
04A5,9.894198042268013e-06
0133,9.894198042268013e-06
0511,9.894198042268013e-06
03D8,9.894198042268013e-06
069C,9.894198042268013e-06
029E,9.894198042268013e-06
04C0,9.894198042268013e-06
076D,9.894198042268013e-06
0195,9.894198042268013e-06
01A5,9.894198042268013e-06
01D9,9.894198042268013e-06
03CE,9.894198042268013e-06
0281,9.894198042268013e-06
028A,9.894198042268013e-06
00C2,9.894198042268013e-06
07ED,9.894198042268013e-06
05DF,9.894198042268013e-06
01F6,9.894198042268013e-06
042F,9.894198042268013e-06
078E,9.894198042268013e-06
02F3,9.894198042268013e-06
037B,9.894198042268013e-06
03FF,9.894198042268013e-06
019E,9.894198042268013e-06
033A,9.894198042268013e-06
076B,9.894198042268013e-06
0521,9.894198042268013e-06
0343,9.894198042268013e-06
04E3,9.894198042268013e-06
0381,9.894198042268013e-06
0733,9.894198042268013e-06
04FC,9.894198042268013e-06
054C,9.894198042268013e-06
00B8,9.894198042268013e-06
04C4,9.894198042268013e-06
074D,9.894198042268013e-06
03BA,9.894198042268013e-06
05CA,9.894198042268013e-06
0766,9.894198042268013e-06
0791,9.894198042268013e-06
0608,9.894198042268013e-06
00CE,9.894198042268013e-06
007A,9.894198042268013e-06
02A5,9.894198042268013e-06
06EE,9.894198042268013e-06
0332,9.894198042268013e-06
01F1,9.894198042268013e-06
06B8,9.894198042268013e-06
04C1,9.894198042268013e-06
0497,9.894198042268013e-06
027C,9.894198042268013e-06
06E5,9.894198042268013e-06
0584,9.894198042268013e-06
066D,9.894198042268013e-06
05BC,9.894198042268013e-06
01F0,9.894198042268013e-06
062D,9.894198042268013e-06
0268,9.894198042268013e-06
04FE,9.894198042268013e-06
02B8,9.894198042268013e-06
0043,9.894198042268013e-06
057D,9.894198042268013e-06
03EB,9.894198042268013e-06
0157,9.894198042268013e-06
02BE,9.894198042268013e-06
0054,9.894198042268013e-06
0548,9.894198042268013e-06
0293,9.894198042268013e-06
040C,9.894198042268013e-06
0236,9.894198042268013e-06
020F,9.894198042268013e-06
0082,8.245165035223345e-06
02AF,8.245165035223345e-06
0480,8.245165035223345e-06
07CD,8.245165035223345e-06
0216,8.245165035223345e-06
003E,8.245165035223345e-06
01C8,8.245165035223345e-06
077B,8.245165035223345e-06
007C,8.245165035223345e-06
0634,8.245165035223345e-06
0371,8.245165035223345e-06
0478,8.245165035223345e-06
050B,8.245165035223345e-06
07DD,8.245165035223345e-06
071E,8.245165035223345e-06
02C1,8.245165035223345e-06
006D,8.245165035223345e-06
0629,8.245165035223345e-06
06BA,8.245165035223345e-06
0795,8.245165035223345e-06
074C,8.245165035223345e-06
0028,8.245165035223345e-06
057A,8.245165035223345e-06
05F4,8.245165035223345e-06
0326,8.245165035223345e-06
0384,8.245165035223345e-06
0753,8.245165035223345e-06
0632,8.245165035223345e-06
03DC,8.245165035223345e-06
039A,8.245165035223345e-06
0659,8.245165035223345e-06
07EF,8.245165035223345e-06
078A,8.245165035223345e-06
0093,8.245165035223345e-06
05BD,8.245165035223345e-06
031F,8.245165035223345e-06
0062,8.245165035223345e-06
0346,8.245165035223345e-06
0137,8.245165035223345e-06
0292,8.245165035223345e-06
07CB,8.245165035223345e-06
0553,8.245165035223345e-06
07BA,8.245165035223345e-06
00BB,8.245165035223345e-06
01AB,8.245165035223345e-06
05A9,8.245165035223345e-06
010A,8.245165035223345e-06
078D,8.245165035223345e-06
012C,8.245165035223345e-06
02C9,8.245165035223345e-06
0066,8.245165035223345e-06
00D8,8.245165035223345e-06
05E7,8.245165035223345e-06
0614,8.245165035223345e-06
0334,8.245165035223345e-06
0004,8.245165035223345e-06
056F,8.245165035223345e-06
0641,8.245165035223345e-06
047C,8.245165035223345e-06
0317,8.245165035223345e-06
0757,8.245165035223345e-06
0249,8.245165035223345e-06
0361,8.245165035223345e-06
06FF,8.245165035223345e-06
062A,8.245165035223345e-06
0156,8.245165035223345e-06
0502,8.245165035223345e-06
02A4,8.245165035223345e-06
05BF,8.245165035223345e-06
0110,8.245165035223345e-06
03AC,8.245165035223345e-06
036D,8.245165035223345e-06
07FC,8.245165035223345e-06
02FE,8.245165035223345e-06
0095,8.245165035223345e-06
06D5,8.245165035223345e-06
02CC,8.245165035223345e-06
0325,8.245165035223345e-06
073B,8.245165035223345e-06
0673,8.245165035223345e-06
07C9,8.245165035223345e-06
0341,8.245165035223345e-06
05B8,8.245165035223345e-06
048C,8.245165035223345e-06
06CE,8.245165035223345e-06
03C7,8.245165035223345e-06
079B,8.245165035223345e-06
008B,8.245165035223345e-06
07A4,8.245165035223345e-06
077D,8.245165035223345e-06
03C6,8.245165035223345e-06
009D,8.245165035223345e-06
0726,8.245165035223345e-06
0314,8.245165035223345e-06
060A,8.245165035223345e-06
06BD,8.245165035223345e-06
0665,8.245165035223345e-06
0075,8.245165035223345e-06
060C,8.245165035223345e-06
06D7,8.245165035223345e-06
0510,8.245165035223345e-06
00E8,8.245165035223345e-06
02A0,8.245165035223345e-06
05A5,8.245165035223345e-06
039F,8.245165035223345e-06
0444,8.245165035223345e-06
06B7,8.245165035223345e-06
02B3,8.245165035223345e-06
073D,8.245165035223345e-06
02ED,8.245165035223345e-06
0762,8.245165035223345e-06
0202,8.245165035223345e-06
0435,8.245165035223345e-06
0339,8.245165035223345e-06
00FE,8.245165035223345e-06
06AA,8.245165035223345e-06
0050,8.245165035223345e-06
03F7,8.245165035223345e-06
072E,8.245165035223345e-06
0723,8.245165035223345e-06
0768,8.245165035223345e-06
02CE,8.245165035223345e-06
00E9,8.245165035223345e-06
0131,8.245165035223345e-06
05E2,8.245165035223345e-06
0585,8.245165035223345e-06
0713,8.245165035223345e-06
002F,8.245165035223345e-06
0606,8.245165035223345e-06
0637,8.245165035223345e-06
06DE,8.245165035223345e-06
0578,8.245165035223345e-06
0643,8.245165035223345e-06
05D6,8.245165035223345e-06
00EB,8.245165035223345e-06
0540,8.245165035223345e-06
0079,8.245165035223345e-06
0085,8.245165035223345e-06
02EA,8.245165035223345e-06
0544,8.245165035223345e-06
04A7,8.245165035223345e-06
045A,8.245165035223345e-06
02DA,8.245165035223345e-06
0633,8.245165035223345e-06
0308,8.245165035223345e-06
03CA,8.245165035223345e-06
01CC,8.245165035223345e-06
05A0,8.245165035223345e-06
04CB,8.245165035223345e-06
03F2,8.245165035223345e-06
02B4,8.245165035223345e-06
01D6,8.245165035223345e-06
04DF,8.245165035223345e-06
00D2,8.245165035223345e-06
06CD,8.245165035223345e-06
024B,8.245165035223345e-06
0656,8.245165035223345e-06
003C,8.245165035223345e-06
03DA,8.245165035223345e-06
0000,8.245165035223345e-06
05A2,8.245165035223345e-06
02DD,8.245165035223345e-06
0279,8.245165035223345e-06
0076,8.245165035223345e-06
046A,8.245165035223345e-06
07D8,8.245165035223345e-06
00A2,8.245165035223345e-06
03EE,8.245165035223345e-06
07FF,8.245165035223345e-06
015F,8.245165035223345e-06
0524,8.245165035223345e-06
01C3,8.245165035223345e-06
052F,8.245165035223345e-06
02A7,8.245165035223345e-06
0365,8.245165035223345e-06
0476,8.245165035223345e-06
040F,8.245165035223345e-06
076C,8.245165035223345e-06
046F,8.245165035223345e-06
0231,8.245165035223345e-06
05C1,8.245165035223345e-06
077E,8.245165035223345e-06
00DD,8.245165035223345e-06
0709,8.245165035223345e-06
00FB,8.245165035223345e-06
028F,8.245165035223345e-06
07BD,8.245165035223345e-06
04D3,8.245165035223345e-06
02D3,8.245165035223345e-06
0699,8.245165035223345e-06
0432,8.245165035223345e-06
01F9,8.245165035223345e-06
0775,8.245165035223345e-06
0241,8.245165035223345e-06
01C0,8.245165035223345e-06
02C0,8.245165035223345e-06
061E,8.245165035223345e-06
06FC,8.245165035223345e-06
07DB,8.245165035223345e-06
0735,8.245165035223345e-06
0529,8.245165035223345e-06
0574,8.245165035223345e-06
0487,8.245165035223345e-06
0792,8.245165035223345e-06
056E,8.245165035223345e-06
0609,8.245165035223345e-06
02DF,8.245165035223345e-06
01E4,8.245165035223345e-06
0358,8.245165035223345e-06
01D3,8.245165035223345e-06
02C5,8.245165035223345e-06
0168,8.245165035223345e-06
0640,8.245165035223345e-06
0140,8.245165035223345e-06
0260,8.245165035223345e-06
006B,8.245165035223345e-06
0397,8.245165035223345e-06
02F8,8.245165035223345e-06
039C,8.245165035223345e-06
0743,6.596132028178676e-06
045F,6.596132028178676e-06
0173,6.596132028178676e-06
0781,6.596132028178676e-06
05B2,6.596132028178676e-06
00F2,6.596132028178676e-06
0060,6.596132028178676e-06
025F,6.596132028178676e-06
01FC,6.596132028178676e-06
0323,6.596132028178676e-06
0127,6.596132028178676e-06
0567,6.596132028178676e-06
01EC,6.596132028178676e-06
0695,6.596132028178676e-06
0451,6.596132028178676e-06
0712,6.596132028178676e-06
0793,6.596132028178676e-06
0520,6.596132028178676e-06
0149,6.596132028178676e-06
00C1,6.596132028178676e-06
001B,6.596132028178676e-06
06A4,6.596132028178676e-06
07D7,6.596132028178676e-06
04E6,6.596132028178676e-06
005D,6.596132028178676e-06
06DB,6.596132028178676e-06
0306,6.596132028178676e-06
002D,6.596132028178676e-06
0566,6.596132028178676e-06
0797,6.596132028178676e-06
02BD,6.596132028178676e-06
00C4,6.596132028178676e-06
040D,6.596132028178676e-06
06CA,6.596132028178676e-06
067A,6.596132028178676e-06
034F,6.596132028178676e-06
0205,6.596132028178676e-06
042D,6.596132028178676e-06
0769,6.596132028178676e-06
021A,6.596132028178676e-06
0040,6.596132028178676e-06
0555,6.596132028178676e-06
076A,6.596132028178676e-06
006F,6.596132028178676e-06
04E2,6.596132028178676e-06
07D3,6.596132028178676e-06
0676,6.596132028178676e-06
06F8,6.596132028178676e-06
0274,6.596132028178676e-06
06CC,6.596132028178676e-06
06C3,6.596132028178676e-06
03BD,6.596132028178676e-06
03FD,6.596132028178676e-06
03D5,6.596132028178676e-06
07DE,6.596132028178676e-06
061B,6.596132028178676e-06
0106,6.596132028178676e-06
0669,6.596132028178676e-06
0069,6.596132028178676e-06
0620,6.596132028178676e-06
0401,6.596132028178676e-06
01C5,6.596132028178676e-06
0179,6.596132028178676e-06
0277,6.596132028178676e-06
04AB,6.596132028178676e-06
0494,6.596132028178676e-06
0454,6.596132028178676e-06
07F1,6.596132028178676e-06
06F9,6.596132028178676e-06
0269,6.596132028178676e-06
0692,6.596132028178676e-06
044A,6.596132028178676e-06
0090,6.596132028178676e-06
01B6,6.596132028178676e-06
0785,6.596132028178676e-06
0688,6.596132028178676e-06
01E9,6.596132028178676e-06
03E5,6.596132028178676e-06
0359,6.596132028178676e-06
01BF,6.596132028178676e-06
059C,6.596132028178676e-06
00FD,6.596132028178676e-06
074A,6.596132028178676e-06
0109,6.596132028178676e-06
0024,6.596132028178676e-06
0763,6.596132028178676e-06
0126,6.596132028178676e-06
04B0,6.596132028178676e-06
07FB,6.596132028178676e-06
05B6,6.596132028178676e-06
0393,6.596132028178676e-06
0197,6.596132028178676e-06
04D4,6.596132028178676e-06
03E6,6.596132028178676e-06
0599,6.596132028178676e-06
021C,6.596132028178676e-06
06BC,6.596132028178676e-06
03CC,6.596132028178676e-06
009E,6.596132028178676e-06
072C,6.596132028178676e-06
05CD,6.596132028178676e-06
0592,6.596132028178676e-06
05FE,6.596132028178676e-06
0680,6.596132028178676e-06
0466,6.596132028178676e-06
02FB,6.596132028178676e-06
056C,6.596132028178676e-06
0748,6.596132028178676e-06
05A1,6.596132028178676e-06
04AF,6.596132028178676e-06
018C,6.596132028178676e-06
07C4,6.596132028178676e-06
0737,6.596132028178676e-06
06B0,6.596132028178676e-06
03D6,6.596132028178676e-06
0305,6.596132028178676e-06
0601,6.596132028178676e-06
0459,6.596132028178676e-06
0386,6.596132028178676e-06
04A3,6.596132028178676e-06
023D,6.596132028178676e-06
06FB,6.596132028178676e-06
05FB,6.596132028178676e-06
0651,6.596132028178676e-06
0690,6.596132028178676e-06
0329,6.596132028178676e-06
049D,6.596132028178676e-06
06E0,6.596132028178676e-06
02CD,6.596132028178676e-06
051B,6.596132028178676e-06
0517,6.596132028178676e-06
071A,6.596132028178676e-06
00B2,6.596132028178676e-06
01C1,6.596132028178676e-06
06D2,6.596132028178676e-06
04B8,6.596132028178676e-06
00D3,6.596132028178676e-06
008C,6.596132028178676e-06
0081,6.596132028178676e-06
012B,6.596132028178676e-06
0534,6.596132028178676e-06
005F,6.596132028178676e-06
0740,6.596132028178676e-06
07F6,6.596132028178676e-06
045E,6.596132028178676e-06
02DE,6.596132028178676e-06
0562,6.596132028178676e-06
07FE,6.596132028178676e-06
043F,6.596132028178676e-06
0786,6.596132028178676e-06
04F4,6.596132028178676e-06
01EB,6.596132028178676e-06
03B5,6.596132028178676e-06
0258,6.596132028178676e-06
072B,6.596132028178676e-06
0265,6.596132028178676e-06
07F9,6.596132028178676e-06
033B,6.596132028178676e-06
0409,6.596132028178676e-06
074F,6.596132028178676e-06
079C,6.596132028178676e-06
0579,6.596132028178676e-06
0583,6.596132028178676e-06
0600,6.596132028178676e-06
0034,6.596132028178676e-06
01E3,6.596132028178676e-06
04B3,6.596132028178676e-06
0007,6.596132028178676e-06
071F,6.596132028178676e-06
03E9,6.596132028178676e-06
02D2,6.596132028178676e-06
051E,6.596132028178676e-06
0362,6.596132028178676e-06
0545,6.596132028178676e-06
046E,6.596132028178676e-06
02C8,6.596132028178676e-06
077F,6.596132028178676e-06
060F,6.596132028178676e-06
0433,6.596132028178676e-06
05F7,6.596132028178676e-06
01D2,6.596132028178676e-06
07CC,6.596132028178676e-06
049A,6.596132028178676e-06
058D,6.596132028178676e-06
002E,6.596132028178676e-06
05A4,6.596132028178676e-06
022D,6.596132028178676e-06
030C,6.596132028178676e-06
0229,6.596132028178676e-06
053F,6.596132028178676e-06
00C0,6.596132028178676e-06
054F,6.596132028178676e-06
07CE,6.596132028178676e-06
01A6,6.596132028178676e-06
010D,6.596132028178676e-06
05BA,6.596132028178676e-06
01E6,6.596132028178676e-06
0161,6.596132028178676e-06
0255,6.596132028178676e-06
03E7,6.596132028178676e-06
04C7,6.596132028178676e-06
061F,6.596132028178676e-06
00BF,6.596132028178676e-06
04B5,6.596132028178676e-06
0625,6.596132028178676e-06
059A,6.596132028178676e-06
051F,6.596132028178676e-06
04A1,6.596132028178676e-06
00EC,6.596132028178676e-06
028C,6.596132028178676e-06
024D,6.596132028178676e-06
066C,6.596132028178676e-06
026A,6.596132028178676e-06
0731,6.596132028178676e-06
0266,6.596132028178676e-06
02A9,6.596132028178676e-06
07C7,6.596132028178676e-06
030B,6.596132028178676e-06
01FE,6.596132028178676e-06
043D,6.596132028178676e-06
0445,6.596132028178676e-06
03B9,6.596132028178676e-06
07BC,6.596132028178676e-06
014A,6.596132028178676e-06
03B7,6.596132028178676e-06
0417,6.596132028178676e-06
053A,6.596132028178676e-06
0153,6.596132028178676e-06
000A,6.596132028178676e-06
04AA,6.596132028178676e-06
0788,6.596132028178676e-06
0232,6.596132028178676e-06
07AD,6.596132028178676e-06
0086,6.596132028178676e-06
05A6,6.596132028178676e-06
0047,6.596132028178676e-06
0364,6.596132028178676e-06
0183,6.596132028178676e-06
02A2,6.596132028178676e-06
04AC,6.596132028178676e-06
05D3,6.596132028178676e-06
073E,6.596132028178676e-06
03DE,6.596132028178676e-06
065B,6.596132028178676e-06
025A,6.596132028178676e-06
07C8,6.596132028178676e-06
0242,6.596132028178676e-06
0204,6.596132028178676e-06
05CF,6.596132028178676e-06
06C7,6.596132028178676e-06
002C,6.596132028178676e-06
0065,6.596132028178676e-06
02E1,6.596132028178676e-06
04AE,6.596132028178676e-06
05F8,6.596132028178676e-06
0143,6.596132028178676e-06
0679,6.596132028178676e-06
059D,6.596132028178676e-06
02C3,6.596132028178676e-06
04F8,6.596132028178676e-06
0569,6.596132028178676e-06
059F,6.596132028178676e-06
05DC,6.596132028178676e-06
04DD,6.596132028178676e-06
078B,6.596132028178676e-06
02EB,6.596132028178676e-06
03C0,6.596132028178676e-06
0588,6.596132028178676e-06
06E3,6.596132028178676e-06
0244,6.596132028178676e-06
0674,6.596132028178676e-06
0165,6.596132028178676e-06
034C,6.596132028178676e-06
0414,6.596132028178676e-06
0422,6.596132028178676e-06
06EB,6.596132028178676e-06
06D1,6.596132028178676e-06
020D,6.596132028178676e-06
0749,6.596132028178676e-06
0596,6.596132028178676e-06
00DE,6.596132028178676e-06
04E8,6.596132028178676e-06
0667,6.596132028178676e-06
03DD,6.596132028178676e-06
007F,6.596132028178676e-06
015B,6.596132028178676e-06
032E,6.596132028178676e-06
0738,6.596132028178676e-06
015A,6.596132028178676e-06
043B,6.596132028178676e-06
02EC,6.596132028178676e-06
0215,6.596132028178676e-06
0309,6.596132028178676e-06
0163,6.596132028178676e-06
0697,6.596132028178676e-06
0016,6.596132028178676e-06
00F0,6.596132028178676e-06
05CE,6.596132028178676e-06
04BC,6.596132028178676e-06
02C7,6.596132028178676e-06
02B2,6.596132028178676e-06
0513,6.596132028178676e-06
00C5,6.596132028178676e-06
06AE,6.596132028178676e-06
03CB,6.596132028178676e-06
0624,6.596132028178676e-06
0707,6.596132028178676e-06
06A9,6.596132028178676e-06
0330,6.596132028178676e-06
02FA,6.596132028178676e-06
066E,6.596132028178676e-06
07CF,6.596132028178676e-06
0313,6.596132028178676e-06
051A,6.596132028178676e-06
042B,6.596132028178676e-06
0794,6.596132028178676e-06
0736,6.596132028178676e-06
0199,6.596132028178676e-06
0250,6.596132028178676e-06
0352,6.596132028178676e-06
068F,6.596132028178676e-06
03FE,6.596132028178676e-06
0782,6.596132028178676e-06
00F9,6.596132028178676e-06
0666,6.596132028178676e-06
0319,6.596132028178676e-06
0612,6.596132028178676e-06
0307,6.596132028178676e-06
030F,6.596132028178676e-06
0783,6.596132028178676e-06
053C,6.596132028178676e-06
010B,6.596132028178676e-06
004D,6.596132028178676e-06
0290,6.596132028178676e-06
0718,6.596132028178676e-06
0597,6.596132028178676e-06
04FA,6.596132028178676e-06
0294,6.596132028178676e-06
073F,6.596132028178676e-06
0006,6.596132028178676e-06
04EF,6.596132028178676e-06
0373,6.596132028178676e-06
06BF,6.596132028178676e-06
012A,6.596132028178676e-06
0767,6.596132028178676e-06
02D4,6.596132028178676e-06
0416,6.596132028178676e-06
07AC,6.596132028178676e-06
0556,6.596132028178676e-06
070E,6.596132028178676e-06
05E4,6.596132028178676e-06
0198,6.596132028178676e-06
054E,6.596132028178676e-06
07A2,6.596132028178676e-06
01FA,6.596132028178676e-06
03D9,6.596132028178676e-06
030D,6.596132028178676e-06
0367,6.596132028178676e-06
06AC,6.596132028178676e-06
0516,6.596132028178676e-06
07EB,6.596132028178676e-06
02DC,6.596132028178676e-06
0522,6.596132028178676e-06
0504,6.596132028178676e-06
05C2,6.596132028178676e-06
05E9,6.596132028178676e-06
005B,6.596132028178676e-06
065E,6.596132028178676e-06
0316,6.596132028178676e-06
04B1,4.947099021134007e-06
0418,4.947099021134007e-06
0787,4.947099021134007e-06
038A,4.947099021134007e-06
01AE,4.947099021134007e-06
070C,4.947099021134007e-06
0610,4.947099021134007e-06
04F7,4.947099021134007e-06
02CF,4.947099021134007e-06
004B,4.947099021134007e-06
024C,4.947099021134007e-06
0657,4.947099021134007e-06
0661,4.947099021134007e-06
00CA,4.947099021134007e-06
0196,4.947099021134007e-06
032C,4.947099021134007e-06
00D4,4.947099021134007e-06
07B1,4.947099021134007e-06
0604,4.947099021134007e-06
0721,4.947099021134007e-06
0285,4.947099021134007e-06
072D,4.947099021134007e-06
022B,4.947099021134007e-06
0472,4.947099021134007e-06
0525,4.947099021134007e-06
023F,4.947099021134007e-06
016E,4.947099021134007e-06
0264,4.947099021134007e-06
050C,4.947099021134007e-06
00E6,4.947099021134007e-06
0551,4.947099021134007e-06
00BA,4.947099021134007e-06
0230,4.947099021134007e-06
0563,4.947099021134007e-06
05FF,4.947099021134007e-06
0351,4.947099021134007e-06
0479,4.947099021134007e-06
0005,4.947099021134007e-06
07E7,4.947099021134007e-06
037C,4.947099021134007e-06
0527,4.947099021134007e-06
04B7,4.947099021134007e-06
0729,4.947099021134007e-06
04A9,4.947099021134007e-06
0189,4.947099021134007e-06
043A,4.947099021134007e-06
0030,4.947099021134007e-06
036E,4.947099021134007e-06
0450,4.947099021134007e-06
06F0,4.947099021134007e-06
0728,4.947099021134007e-06
01CF,4.947099021134007e-06
02AD,4.947099021134007e-06
014B,4.947099021134007e-06
0159,4.947099021134007e-06
01DA,4.947099021134007e-06
035F,4.947099021134007e-06
05F6,4.947099021134007e-06
0568,4.947099021134007e-06
053B,4.947099021134007e-06
0469,4.947099021134007e-06
0071,4.947099021134007e-06
0622,4.947099021134007e-06
004E,4.947099021134007e-06
0395,4.947099021134007e-06
0103,4.947099021134007e-06
0742,4.947099021134007e-06
0092,4.947099021134007e-06
028E,4.947099021134007e-06
05B4,4.947099021134007e-06
0025,4.947099021134007e-06
04B6,4.947099021134007e-06
029B,4.947099021134007e-06
012D,4.947099021134007e-06
067F,4.947099021134007e-06
0552,4.947099021134007e-06
01B9,4.947099021134007e-06
0080,4.947099021134007e-06
00FF,4.947099021134007e-06
068A,4.947099021134007e-06
02E3,4.947099021134007e-06
0457,4.947099021134007e-06
05E5,4.947099021134007e-06
044B,4.947099021134007e-06
0057,4.947099021134007e-06
049B,4.947099021134007e-06
00F4,4.947099021134007e-06
0672,4.947099021134007e-06
034E,4.947099021134007e-06
0577,4.947099021134007e-06
057F,4.947099021134007e-06
06F7,4.947099021134007e-06
0719,4.947099021134007e-06
0056,4.947099021134007e-06
0252,4.947099021134007e-06
0061,4.947099021134007e-06
0291,4.947099021134007e-06
0261,4.947099021134007e-06
0315,4.947099021134007e-06
031E,4.947099021134007e-06
0430,4.947099021134007e-06
01AD,4.947099021134007e-06
00DC,4.947099021134007e-06
06BB,4.947099021134007e-06
0200,4.947099021134007e-06
0631,4.947099021134007e-06
01D0,4.947099021134007e-06
017E,4.947099021134007e-06
017F,4.947099021134007e-06
02BA,4.947099021134007e-06
0387,4.947099021134007e-06
035C,4.947099021134007e-06
02C2,4.947099021134007e-06
07A8,4.947099021134007e-06
058C,4.947099021134007e-06
06C1,4.947099021134007e-06
04B4,4.947099021134007e-06
02B5,4.947099021134007e-06
0287,4.947099021134007e-06
0328,4.947099021134007e-06
03CF,4.947099021134007e-06
0382,4.947099021134007e-06
01FB,4.947099021134007e-06
023C,4.947099021134007e-06
0486,4.947099021134007e-06
070F,4.947099021134007e-06
052D,4.947099021134007e-06
0170,4.947099021134007e-06
0777,4.947099021134007e-06
051C,4.947099021134007e-06
05AC,4.947099021134007e-06
02B0,4.947099021134007e-06
01A7,4.947099021134007e-06
011C,4.947099021134007e-06
0407,4.947099021134007e-06
068C,4.947099021134007e-06
01DE,4.947099021134007e-06
0561,4.947099021134007e-06
03F8,4.947099021134007e-06
07AB,4.947099021134007e-06
015C,4.947099021134007e-06
0691,4.947099021134007e-06
013A,4.947099021134007e-06
056D,4.947099021134007e-06
0754,4.947099021134007e-06
0708,4.947099021134007e-06
02A1,4.947099021134007e-06
0789,4.947099021134007e-06
01F7,4.947099021134007e-06
075E,4.947099021134007e-06
06DF,4.947099021134007e-06
025B,4.947099021134007e-06
073A,4.947099021134007e-06
03A9,4.947099021134007e-06
0194,4.947099021134007e-06
001A,4.947099021134007e-06
04DA,4.947099021134007e-06
03A8,4.947099021134007e-06
00AB,4.947099021134007e-06
00E0,4.947099021134007e-06
02A6,4.947099021134007e-06
0790,4.947099021134007e-06
06B2,4.947099021134007e-06
0403,4.947099021134007e-06
059E,4.947099021134007e-06
05DD,4.947099021134007e-06
050A,4.947099021134007e-06
0756,4.947099021134007e-06
021B,4.947099021134007e-06
0509,4.947099021134007e-06
063D,4.947099021134007e-06
079A,4.947099021134007e-06
01D7,4.947099021134007e-06
071C,4.947099021134007e-06
0425,4.947099021134007e-06
0616,4.947099021134007e-06
06E2,4.947099021134007e-06
001D,4.947099021134007e-06
07A3,4.947099021134007e-06
02E4,4.947099021134007e-06
03B4,4.947099021134007e-06
023A,4.947099021134007e-06
057E,4.947099021134007e-06
01C7,4.947099021134007e-06
00A5,4.947099021134007e-06
01CB,4.947099021134007e-06
018D,4.947099021134007e-06
0055,4.947099021134007e-06
0164,4.947099021134007e-06
0383,4.947099021134007e-06
009F,4.947099021134007e-06
0565,4.947099021134007e-06
044F,4.947099021134007e-06
0468,4.947099021134007e-06
060D,4.947099021134007e-06
00DA,4.947099021134007e-06
0744,4.947099021134007e-06
06A3,4.947099021134007e-06
0537,4.947099021134007e-06
06F6,4.947099021134007e-06
04E9,4.947099021134007e-06
0495,4.947099021134007e-06
05B0,4.947099021134007e-06
025C,4.947099021134007e-06
03EA,4.947099021134007e-06
03FC,4.947099021134007e-06
04CA,4.947099021134007e-06
0515,4.947099021134007e-06
0499,4.947099021134007e-06
06AD,4.947099021134007e-06
014C,4.947099021134007e-06
024F,4.947099021134007e-06
031B,4.947099021134007e-06
03B1,4.947099021134007e-06
036A,4.947099021134007e-06
020B,4.947099021134007e-06
02E7,4.947099021134007e-06
0363,4.947099021134007e-06
0541,4.947099021134007e-06
0378,4.947099021134007e-06
0210,4.947099021134007e-06
0654,4.947099021134007e-06
0368,4.947099021134007e-06
011F,4.947099021134007e-06
065D,4.947099021134007e-06
07F8,4.947099021134007e-06
00CF,4.947099021134007e-06
0177,4.947099021134007e-06
03A0,4.947099021134007e-06
0646,4.947099021134007e-06
0655,4.947099021134007e-06
0178,4.947099021134007e-06
0750,4.947099021134007e-06
05FC,4.947099021134007e-06
02AB,4.947099021134007e-06
01BC,4.947099021134007e-06
0262,4.947099021134007e-06
064C,4.947099021134007e-06
0627,4.947099021134007e-06
0759,4.947099021134007e-06
048F,4.947099021134007e-06
000B,4.947099021134007e-06
05D0,4.947099021134007e-06
004A,4.947099021134007e-06
01D1,4.947099021134007e-06
06A7,4.947099021134007e-06
0638,4.947099021134007e-06
07D5,4.947099021134007e-06
054B,4.947099021134007e-06
00E4,4.947099021134007e-06
07AA,4.947099021134007e-06
02F6,4.947099021134007e-06
041D,4.947099021134007e-06
06C2,4.947099021134007e-06
0214,4.947099021134007e-06
031C,4.947099021134007e-06
0496,4.947099021134007e-06
05DE,4.947099021134007e-06
06E4,4.947099021134007e-06
0603,4.947099021134007e-06
016D,4.947099021134007e-06
050E,4.947099021134007e-06
047A,4.947099021134007e-06
0310,4.947099021134007e-06
0734,4.947099021134007e-06
05C7,4.947099021134007e-06
04A4,4.947099021134007e-06
05CC,4.947099021134007e-06
0094,4.947099021134007e-06
0037,4.947099021134007e-06
01EF,4.947099021134007e-06
06DD,4.947099021134007e-06
05B3,4.947099021134007e-06
035B,4.947099021134007e-06
029A,4.947099021134007e-06
07B9,4.947099021134007e-06
0664,4.947099021134007e-06
007D,4.947099021134007e-06
010E,4.947099021134007e-06
0686,4.947099021134007e-06
03AA,4.947099021134007e-06
01DC,4.947099021134007e-06
0013,4.947099021134007e-06
03E0,4.947099021134007e-06
07D0,4.947099021134007e-06
0098,4.947099021134007e-06
008E,4.947099021134007e-06
063E,4.947099021134007e-06
064B,4.947099021134007e-06
043E,4.947099021134007e-06
0208,4.947099021134007e-06
06AF,4.947099021134007e-06
04F5,4.947099021134007e-06
05BE,4.947099021134007e-06
031D,4.947099021134007e-06
017C,4.947099021134007e-06
06A1,4.947099021134007e-06
032A,4.947099021134007e-06
07F4,4.947099021134007e-06
0002,4.947099021134007e-06
0360,4.947099021134007e-06
060B,4.947099021134007e-06
0415,4.947099021134007e-06
0474,4.947099021134007e-06
032D,4.947099021134007e-06
019A,4.947099021134007e-06
003F,4.947099021134007e-06
002B,4.947099021134007e-06
07C1,4.947099021134007e-06
0067,4.947099021134007e-06
063F,4.947099021134007e-06
04FF,4.947099021134007e-06
0662,4.947099021134007e-06
00DF,4.947099021134007e-06
0539,4.947099021134007e-06
0224,4.947099021134007e-06
050F,4.947099021134007e-06
00ED,4.947099021134007e-06
01A4,4.947099021134007e-06
06EA,4.947099021134007e-06
020E,4.947099021134007e-06
0219,4.947099021134007e-06
055A,4.947099021134007e-06
019B,4.947099021134007e-06
00B3,4.947099021134007e-06
046C,4.947099021134007e-06
0001,4.947099021134007e-06
0705,4.947099021134007e-06
052E,4.947099021134007e-06
02AC,4.947099021134007e-06
0083,4.947099021134007e-06
07DA,4.947099021134007e-06
0033,4.947099021134007e-06
07A9,4.947099021134007e-06
01E2,4.947099021134007e-06
0598,4.947099021134007e-06
0784,4.947099021134007e-06
03F3,4.947099021134007e-06
0154,4.947099021134007e-06
05D9,4.947099021134007e-06
0020,4.947099021134007e-06
00A9,4.947099021134007e-06
071D,4.947099021134007e-06
05F9,4.947099021134007e-06
05F1,4.947099021134007e-06
069E,4.947099021134007e-06
01F2,4.947099021134007e-06
03B3,4.947099021134007e-06
0218,4.947099021134007e-06
046D,4.947099021134007e-06
079F,4.947099021134007e-06
0048,4.947099021134007e-06
0406,4.947099021134007e-06
0123,4.947099021134007e-06
0391,4.947099021134007e-06
053D,4.947099021134007e-06
01B8,4.947099021134007e-06
025E,4.947099021134007e-06
004F,4.947099021134007e-06
04E5,4.947099021134007e-06
0452,4.947099021134007e-06
0046,4.947099021134007e-06
05F2,4.947099021134007e-06
0327,4.947099021134007e-06
0019,4.947099021134007e-06
0437,4.947099021134007e-06
047F,4.947099021134007e-06
0147,4.947099021134007e-06
0684,4.947099021134007e-06
03F1,4.947099021134007e-06
0167,4.947099021134007e-06
0677,4.947099021134007e-06
026C,4.947099021134007e-06
0322,4.947099021134007e-06
0078,4.947099021134007e-06
014D,4.947099021134007e-06
0121,4.947099021134007e-06
037E,4.947099021134007e-06
0420,4.947099021134007e-06
07D2,4.947099021134007e-06
06A2,4.947099021134007e-06
055B,4.947099021134007e-06
0190,4.947099021134007e-06
07E2,4.947099021134007e-06
0477,4.947099021134007e-06
0182,4.947099021134007e-06
055C,4.947099021134007e-06
02B6,4.947099021134007e-06
04A2,4.947099021134007e-06
03F5,4.947099021134007e-06
07DC,4.947099021134007e-06
024E,4.947099021134007e-06
07EE,4.947099021134007e-06
0458,4.947099021134007e-06
0582,4.947099021134007e-06
037F,4.947099021134007e-06
0171,4.947099021134007e-06
0538,4.947099021134007e-06
0493,4.947099021134007e-06
01B7,4.947099021134007e-06
05DB,4.947099021134007e-06
0746,4.947099021134007e-06
021F,4.947099021134007e-06
0248,4.947099021134007e-06
0611,4.947099021134007e-06
042E,4.947099021134007e-06
05DA,4.947099021134007e-06
0146,4.947099021134007e-06
009C,4.947099021134007e-06
04DE,4.947099021134007e-06
0254,4.947099021134007e-06
04D2,4.947099021134007e-06
00B1,4.947099021134007e-06
0150,4.947099021134007e-06
0333,4.947099021134007e-06
054D,4.947099021134007e-06
0434,4.947099021134007e-06
0481,4.947099021134007e-06
0022,4.947099021134007e-06
049F,4.947099021134007e-06
0238,4.947099021134007e-06
0581,4.947099021134007e-06
0074,4.947099021134007e-06
0501,4.947099021134007e-06
04E0,4.947099021134007e-06
0429,4.947099021134007e-06
01DB,4.947099021134007e-06
0717,4.947099021134007e-06
00DB,4.947099021134007e-06
0070,4.947099021134007e-06
0685,3.298066014089338e-06
0347,3.298066014089338e-06
0758,3.298066014089338e-06
02BC,3.298066014089338e-06
05D8,3.298066014089338e-06
0505,3.298066014089338e-06
076E,3.298066014089338e-06
07B8,3.298066014089338e-06
0503,3.298066014089338e-06
003D,3.298066014089338e-06
0619,3.298066014089338e-06
07AE,3.298066014089338e-06
05FD,3.298066014089338e-06
0021,3.298066014089338e-06
045C,3.298066014089338e-06
02E6,3.298066014089338e-06
046B,3.298066014089338e-06
0438,3.298066014089338e-06
0192,3.298066014089338e-06
0645,3.298066014089338e-06
02F7,3.298066014089338e-06
054A,3.298066014089338e-06
05EB,3.298066014089338e-06
0354,3.298066014089338e-06
027A,3.298066014089338e-06
00BC,3.298066014089338e-06
0270,3.298066014089338e-06
0590,3.298066014089338e-06
01C4,3.298066014089338e-06
07E9,3.298066014089338e-06
048D,3.298066014089338e-06
03F4,3.298066014089338e-06
07B4,3.298066014089338e-06
0390,3.298066014089338e-06
0760,3.298066014089338e-06
0350,3.298066014089338e-06
0512,3.298066014089338e-06
0571,3.298066014089338e-06
06B3,3.298066014089338e-06
0492,3.298066014089338e-06
01EE,3.298066014089338e-06
01D5,3.298066014089338e-06
0482,3.298066014089338e-06
0077,3.298066014089338e-06
01B0,3.298066014089338e-06
0088,3.298066014089338e-06
056B,3.298066014089338e-06
0621,3.298066014089338e-06
0008,3.298066014089338e-06
0130,3.298066014089338e-06
02DB,3.298066014089338e-06
0029,3.298066014089338e-06
0283,3.298066014089338e-06
0058,3.298066014089338e-06
00E1,3.298066014089338e-06
00C6,3.298066014089338e-06
0607,3.298066014089338e-06
06C6,3.298066014089338e-06
0491,3.298066014089338e-06
06BE,3.298066014089338e-06
0026,3.298066014089338e-06
015E,3.298066014089338e-06
01B5,3.298066014089338e-06
03F0,3.298066014089338e-06
00B9,3.298066014089338e-06
0176,3.298066014089338e-06
0376,3.298066014089338e-06
006C,3.298066014089338e-06
049C,3.298066014089338e-06
05B7,3.298066014089338e-06
02D6,3.298066014089338e-06
07E1,3.298066014089338e-06
0413,3.298066014089338e-06
05E6,3.298066014089338e-06
0770,3.298066014089338e-06
044C,3.298066014089338e-06
070A,3.298066014089338e-06
0348,3.298066014089338e-06
026E,3.298066014089338e-06
02FC,3.298066014089338e-06
0052,3.298066014089338e-06
000C,3.298066014089338e-06
05A7,3.298066014089338e-06
03AD,3.298066014089338e-06
00A7,3.298066014089338e-06
077A,3.298066014089338e-06
0112,3.298066014089338e-06
07A1,3.298066014089338e-06
0593,3.298066014089338e-06
00AD,3.298066014089338e-06
04C5,3.298066014089338e-06
0498,3.298066014089338e-06
0411,3.298066014089338e-06
04EA,3.298066014089338e-06
005C,3.298066014089338e-06
030E,3.298066014089338e-06
07E4,3.298066014089338e-06
00FC,3.298066014089338e-06
04CC,3.298066014089338e-06
04F9,3.298066014089338e-06
0703,3.298066014089338e-06
0530,3.298066014089338e-06
00D7,3.298066014089338e-06
041A,3.298066014089338e-06
010C,3.298066014089338e-06
01CE,3.298066014089338e-06
069D,3.298066014089338e-06
01CA,3.298066014089338e-06
0114,3.298066014089338e-06
06EC,3.298066014089338e-06
0379,3.298066014089338e-06
0251,3.298066014089338e-06
023B,3.298066014089338e-06
0761,3.298066014089338e-06
015D,3.298066014089338e-06
0102,3.298066014089338e-06
034B,3.298066014089338e-06
064A,3.298066014089338e-06
00A1,3.298066014089338e-06
0068,3.298066014089338e-06
03E3,3.298066014089338e-06
03DF,3.298066014089338e-06
07BF,3.298066014089338e-06
00B0,3.298066014089338e-06
03C3,3.298066014089338e-06
0380,3.298066014089338e-06
00F1,3.298066014089338e-06
0613,3.298066014089338e-06
06D8,3.298066014089338e-06
0128,3.298066014089338e-06
03BC,3.298066014089338e-06
048A,3.298066014089338e-06
0642,3.298066014089338e-06
07A7,3.298066014089338e-06
0335,3.298066014089338e-06
00AF,3.298066014089338e-06
0448,3.298066014089338e-06
04A8,3.298066014089338e-06
01BB,3.298066014089338e-06
0696,3.298066014089338e-06
0245,3.298066014089338e-06
03CD,3.298066014089338e-06
05C6,3.298066014089338e-06
017D,3.298066014089338e-06
0559,3.298066014089338e-06
04BD,3.298066014089338e-06
01A8,3.298066014089338e-06
067E,3.298066014089338e-06
062E,3.298066014089338e-06
0542,3.298066014089338e-06
05E1,3.298066014089338e-06
02E0,3.298066014089338e-06
01AC,3.298066014089338e-06
05B1,3.298066014089338e-06
02F1,3.298066014089338e-06
0580,3.298066014089338e-06
018F,3.298066014089338e-06
047E,3.298066014089338e-06
04DC,3.298066014089338e-06
0272,3.298066014089338e-06
014F,3.298066014089338e-06
02FF,3.298066014089338e-06
03DB,3.298066014089338e-06
00A6,3.298066014089338e-06
0375,3.298066014089338e-06
035A,3.298066014089338e-06
020C,3.298066014089338e-06
0097,3.298066014089338e-06
0243,3.298066014089338e-06
0288,3.298066014089338e-06
06CF,3.298066014089338e-06
036C,3.298066014089338e-06
00BE,3.298066014089338e-06
0528,3.298066014089338e-06
0467,3.298066014089338e-06
068B,3.298066014089338e-06
0041,3.298066014089338e-06
0675,3.298066014089338e-06
0636,3.298066014089338e-06
0035,3.298066014089338e-06
0115,3.298066014089338e-06
0278,3.298066014089338e-06
01CD,3.298066014089338e-06
02CA,3.298066014089338e-06
06F5,3.298066014089338e-06
0213,3.298066014089338e-06
06D0,3.298066014089338e-06
01F8,3.298066014089338e-06
025D,3.298066014089338e-06
022F,3.298066014089338e-06
075C,3.298066014089338e-06
0557,3.298066014089338e-06
0741,3.298066014089338e-06
0160,3.298066014089338e-06
0644,3.298066014089338e-06
00EE,3.298066014089338e-06
0036,3.298066014089338e-06
001F,3.298066014089338e-06
04CD,3.298066014089338e-06
06F4,3.298066014089338e-06
0628,3.298066014089338e-06
0180,3.298066014089338e-06
020A,3.298066014089338e-06
0357,3.298066014089338e-06
01B1,3.298066014089338e-06
00D1,3.298066014089338e-06
008F,3.298066014089338e-06
0626,3.298066014089338e-06
05EF,3.298066014089338e-06
01F3,3.298066014089338e-06
0400,3.298066014089338e-06
065C,3.298066014089338e-06
0575,3.298066014089338e-06
03FB,3.298066014089338e-06
06D4,3.298066014089338e-06
06E6,3.298066014089338e-06
0151,3.298066014089338e-06
0514,3.298066014089338e-06
06C5,3.298066014089338e-06
02E5,3.298066014089338e-06
0475,3.298066014089338e-06
0032,3.298066014089338e-06
02C6,3.298066014089338e-06
01DF,3.298066014089338e-06
07FD,3.298066014089338e-06
07BB,3.298066014089338e-06
01E7,3.298066014089338e-06
0546,3.298066014089338e-06
075D,3.298066014089338e-06
07AF,3.298066014089338e-06
01FF,3.298066014089338e-06
02D9,3.298066014089338e-06
02F5,3.298066014089338e-06
06A8,3.298066014089338e-06
07F7,3.298066014089338e-06
00F5,3.298066014089338e-06
0725,3.298066014089338e-06
06C4,3.298066014089338e-06
02AA,3.298066014089338e-06
03C9,3.298066014089338e-06
0223,3.298066014089338e-06
0015,3.298066014089338e-06
03D7,3.298066014089338e-06
07F0,3.298066014089338e-06
027F,3.298066014089338e-06
0201,3.298066014089338e-06
04D1,3.298066014089338e-06
033F,3.298066014089338e-06
0526,3.298066014089338e-06
06B9,3.298066014089338e-06
0595,3.298066014089338e-06
0683,3.298066014089338e-06
0589,3.298066014089338e-06
03FA,3.298066014089338e-06
0694,3.298066014089338e-06
0615,3.298066014089338e-06
05EA,3.298066014089338e-06
00C9,3.298066014089338e-06
0237,3.298066014089338e-06
0284,3.298066014089338e-06
0716,3.298066014089338e-06
01A1,3.298066014089338e-06
0226,3.298066014089338e-06
019D,3.298066014089338e-06
069F,3.298066014089338e-06
018E,3.298066014089338e-06
03E2,3.298066014089338e-06
0618,3.298066014089338e-06
019C,3.298066014089338e-06
067C,3.298066014089338e-06
0536,3.298066014089338e-06
0671,3.298066014089338e-06
014E,3.298066014089338e-06
052B,3.298066014089338e-06
00F7,3.298066014089338e-06
0576,3.298066014089338e-06
0700,3.298066014089338e-06
0276,3.298066014089338e-06
01A3,3.298066014089338e-06
0377,3.298066014089338e-06
0532,3.298066014089338e-06
00E2,3.298066014089338e-06
01BD,3.298066014089338e-06
03D4,3.298066014089338e-06
02B1,3.298066014089338e-06
01BE,3.298066014089338e-06
0443,3.298066014089338e-06
0003,3.298066014089338e-06
068E,3.298066014089338e-06
01AA,3.298066014089338e-06
04D6,3.298066014089338e-06
04EC,3.298066014089338e-06
011B,3.298066014089338e-06
040A,3.298066014089338e-06
0372,3.298066014089338e-06
01F4,3.298066014089338e-06
0424,3.298066014089338e-06
0220,3.298066014089338e-06
0138,3.298066014089338e-06
034D,3.298066014089338e-06
00F6,3.298066014089338e-06
061A,3.298066014089338e-06
076F,3.298066014089338e-06
0470,3.298066014089338e-06
000E,3.298066014089338e-06
02D7,3.298066014089338e-06
010F,3.298066014089338e-06
064F,3.298066014089338e-06
0587,3.298066014089338e-06
0063,3.298066014089338e-06
03AF,3.298066014089338e-06
05EE,3.298066014089338e-06
0755,3.298066014089338e-06
0228,3.298066014089338e-06
05ED,3.298066014089338e-06
03AE,3.298066014089338e-06
02F2,3.298066014089338e-06
03A7,3.298066014089338e-06
0490,3.298066014089338e-06
0125,3.298066014089338e-06
0282,3.298066014089338e-06
01A9,3.298066014089338e-06
0122,3.298066014089338e-06
0439,3.298066014089338e-06
00D9,3.298066014089338e-06
0456,3.298066014089338e-06
0096,3.298066014089338e-06
0298,3.298066014089338e-06
04EE,3.298066014089338e-06
063C,3.298066014089338e-06
044E,3.298066014089338e-06
0396,3.298066014089338e-06
01BA,3.298066014089338e-06
070D,3.298066014089338e-06
041C,3.298066014089338e-06
06A6,3.298066014089338e-06
0698,3.298066014089338e-06
05B5,3.298066014089338e-06
04ED,3.298066014089338e-06
0141,3.298066014089338e-06
05C4,3.298066014089338e-06
041E,3.298066014089338e-06
0353,3.298066014089338e-06
04B9,3.298066014089338e-06
06DC,3.298066014089338e-06
0405,3.298066014089338e-06
0799,3.298066014089338e-06
07E8,3.298066014089338e-06
07D4,3.298066014089338e-06
04E7,3.298066014089338e-06
06C8,3.298066014089338e-06
0523,3.298066014089338e-06
05D7,3.298066014089338e-06
04F0,3.298066014089338e-06
03B8,3.298066014089338e-06
06FD,3.298066014089338e-06
0554,3.298066014089338e-06
052C,3.298066014089338e-06
06A0,3.298066014089338e-06
00A4,3.298066014089338e-06
069B,3.298066014089338e-06
02D1,3.298066014089338e-06
055F,3.298066014089338e-06
02BF,3.298066014089338e-06
01E1,3.298066014089338e-06
0203,3.298066014089338e-06
021D,3.298066014089338e-06
0321,3.298066014089338e-06
04D8,3.298066014089338e-06
0730,3.298066014089338e-06
0710,3.298066014089338e-06
0374,3.298066014089338e-06
008D,3.298066014089338e-06
0549,3.298066014089338e-06
0464,3.298066014089338e-06
0727,3.298066014089338e-06
01EA,3.298066014089338e-06
0234,3.298066014089338e-06
048E,3.298066014089338e-06
075F,3.298066014089338e-06
0764,3.298066014089338e-06
017A,3.298066014089338e-06
00D0,3.298066014089338e-06
0687,3.298066014089338e-06
06E7,3.298066014089338e-06
012F,3.298066014089338e-06
0747,3.298066014089338e-06
0072,3.298066014089338e-06
055D,3.298066014089338e-06
03BF,3.298066014089338e-06
0720,3.298066014089338e-06
0431,3.298066014089338e-06
0660,3.298066014089338e-06
0519,3.298066014089338e-06
0300,3.298066014089338e-06
0630,3.298066014089338e-06
055E,3.298066014089338e-06
0724,3.298066014089338e-06
01E8,3.298066014089338e-06
0009,3.298066014089338e-06
0355,3.298066014089338e-06
0461,3.298066014089338e-06
013F,3.298066014089338e-06
02F0,3.298066014089338e-06
04D0,3.298066014089338e-06
017B,3.298066014089338e-06
0639,3.298066014089338e-06
066F,3.298066014089338e-06
03B0,3.298066014089338e-06
065A,3.298066014089338e-06
05FA,3.298066014089338e-06
0436,3.298066014089338e-06
0253,3.298066014089338e-06
0181,3.298066014089338e-06
0428,3.298066014089338e-06
0653,3.298066014089338e-06
05E8,3.298066014089338e-06
0453,3.298066014089338e-06
06B4,3.298066014089338e-06
01B3,3.298066014089338e-06
042C,3.298066014089338e-06
0410,3.298066014089338e-06
04D5,3.298066014089338e-06
021E,3.298066014089338e-06
0091,1.649033007044669e-06
04AD,1.649033007044669e-06
0547,1.649033007044669e-06
0531,1.649033007044669e-06
02AE,1.649033007044669e-06
0388,1.649033007044669e-06
0446,1.649033007044669e-06
0144,1.649033007044669e-06
063B,1.649033007044669e-06
0605,1.649033007044669e-06
06B5,1.649033007044669e-06
0117,1.649033007044669e-06
0116,1.649033007044669e-06
002A,1.649033007044669e-06
0120,1.649033007044669e-06
0473,1.649033007044669e-06
006A,1.649033007044669e-06
0324,1.649033007044669e-06
06E8,1.649033007044669e-06
063A,1.649033007044669e-06
0500,1.649033007044669e-06
00F8,1.649033007044669e-06
0049,1.649033007044669e-06
06D6,1.649033007044669e-06
07D1,1.649033007044669e-06
0247,1.649033007044669e-06
0602,1.649033007044669e-06
05F0,1.649033007044669e-06
0064,1.649033007044669e-06
0011,1.649033007044669e-06
0301,1.649033007044669e-06
079D,1.649033007044669e-06
0714,1.649033007044669e-06
0124,1.649033007044669e-06
04A6,1.649033007044669e-06
0100,1.649033007044669e-06
01A2,1.649033007044669e-06
0483,1.649033007044669e-06
06E1,1.649033007044669e-06
0012,1.649033007044669e-06
0765,1.649033007044669e-06
058F,1.649033007044669e-06
02A3,1.649033007044669e-06
045B,1.649033007044669e-06
05D2,1.649033007044669e-06
0084,1.649033007044669e-06
0419,1.649033007044669e-06
02D8,1.649033007044669e-06
03B2,1.649033007044669e-06
04C2,1.649033007044669e-06
048B,1.649033007044669e-06
0398,1.649033007044669e-06
0442,1.649033007044669e-06
05CB,1.649033007044669e-06
07C2,1.649033007044669e-06
05A3,1.649033007044669e-06
05B9,1.649033007044669e-06
05E0,1.649033007044669e-06
00B7,1.649033007044669e-06
022A,1.649033007044669e-06
05EC,1.649033007044669e-06
05C9,1.649033007044669e-06
044D,1.649033007044669e-06
02F4,1.649033007044669e-06
0312,1.649033007044669e-06
0560,1.649033007044669e-06
0289,1.649033007044669e-06
022C,1.649033007044669e-06
0647,1.649033007044669e-06
0039,1.649033007044669e-06
03F6,1.649033007044669e-06
005A,1.649033007044669e-06
04E4,1.649033007044669e-06
0318,1.649033007044669e-06
0507,1.649033007044669e-06
0779,1.649033007044669e-06
00FA,1.649033007044669e-06
035E,1.649033007044669e-06
00E7,1.649033007044669e-06
04C8,1.649033007044669e-06
0188,1.649033007044669e-06
0776,1.649033007044669e-06
052A,1.649033007044669e-06
00CC,1.649033007044669e-06
068D,1.649033007044669e-06
03E8,1.649033007044669e-06
01B2,1.649033007044669e-06
0073,1.649033007044669e-06
061C,1.649033007044669e-06
0172,1.649033007044669e-06
045D,1.649033007044669e-06
07EA,1.649033007044669e-06
0239,1.649033007044669e-06
03F9,1.649033007044669e-06
064E,1.649033007044669e-06
06A5,1.649033007044669e-06
05E3,1.649033007044669e-06
00B6,1.649033007044669e-06
04C9,1.649033007044669e-06
018B,1.649033007044669e-06
07B0,1.649033007044669e-06
05C8,1.649033007044669e-06
0423,1.649033007044669e-06
03AB,1.649033007044669e-06
0693,1.649033007044669e-06
0399,1.649033007044669e-06
043C,1.649033007044669e-06
06C9,1.649033007044669e-06
0484,1.649033007044669e-06
0573,1.649033007044669e-06
0543,1.649033007044669e-06
0139,1.649033007044669e-06
04B2,1.649033007044669e-06
02F9,1.649033007044669e-06
0623,1.649033007044669e-06
07D6,1.649033007044669e-06
0014,1.649033007044669e-06
0369,1.649033007044669e-06
00B4,1.649033007044669e-06
022E,1.649033007044669e-06
041F,1.649033007044669e-06
0796,1.649033007044669e-06
0280,1.649033007044669e-06
0113,1.649033007044669e-06
0302,1.649033007044669e-06
06F2,1.649033007044669e-06
07FA,1.649033007044669e-06
057C,1.649033007044669e-06
00BD,1.649033007044669e-06
0337,1.649033007044669e-06
040B,1.649033007044669e-06
036B,1.649033007044669e-06
0344,1.649033007044669e-06
029D,1.649033007044669e-06
05C0,1.649033007044669e-06
07A0,1.649033007044669e-06
062C,1.649033007044669e-06
058E,1.649033007044669e-06
0320,1.649033007044669e-06
0059,1.649033007044669e-06
0506,1.649033007044669e-06
04C3,1.649033007044669e-06
01D8,1.649033007044669e-06
0570,1.649033007044669e-06
0772,1.649033007044669e-06
050D,1.649033007044669e-06
011E,1.649033007044669e-06
0349,1.649033007044669e-06
0489,1.649033007044669e-06
0427,1.649033007044669e-06
06D9,1.649033007044669e-06
0732,1.649033007044669e-06
07E0,1.649033007044669e-06
0508,1.649033007044669e-06
00CB,1.649033007044669e-06
042A,1.649033007044669e-06
0162,1.649033007044669e-06
07C3,1.649033007044669e-06
0670,1.649033007044669e-06
0297,1.649033007044669e-06
008A,1.649033007044669e-06
0682,1.649033007044669e-06
0404,1.649033007044669e-06
003B,1.649033007044669e-06
006E,1.649033007044669e-06
0135,1.649033007044669e-06
009B,1.649033007044669e-06
037A,1.649033007044669e-06
0751,1.649033007044669e-06
0134,1.649033007044669e-06
07A6,1.649033007044669e-06
05C3,1.649033007044669e-06
06AB,1.649033007044669e-06
062B,1.649033007044669e-06
066B,1.649033007044669e-06
00F3,1.649033007044669e-06
009A,1.649033007044669e-06
00E5,1.649033007044669e-06
0010,1.649033007044669e-06
0209,1.649033007044669e-06
004C,1.649033007044669e-06
0678,1.649033007044669e-06
073C,1.649033007044669e-06
0649,1.649033007044669e-06
072A,1.649033007044669e-06
058A,1.649033007044669e-06
0706,1.649033007044669e-06
047D,1.649033007044669e-06
0045,1.649033007044669e-06
05AD,1.649033007044669e-06
0586,1.649033007044669e-06
0227,1.649033007044669e-06
016B,1.649033007044669e-06
06B1,1.649033007044669e-06
01ED,1.649033007044669e-06
03EF,1.649033007044669e-06
02CB,1.649033007044669e-06
03EC,1.649033007044669e-06
07B3,1.649033007044669e-06
00D5,1.649033007044669e-06
04FD,1.649033007044669e-06
0564,1.649033007044669e-06
07F5,1.649033007044669e-06
01A0,1.649033007044669e-06
0212,1.649033007044669e-06
0166,1.649033007044669e-06
0217,1.649033007044669e-06
0426,1.649033007044669e-06
0087,1.649033007044669e-06
05A8,1.649033007044669e-06
0773,1.649033007044669e-06
04BB,1.649033007044669e-06
0447,1.649033007044669e-06
05C5,1.649033007044669e-06
00C3,1.649033007044669e-06
033D,1.649033007044669e-06
0271,1.649033007044669e-06
0711,1.649033007044669e-06
0702,1.649033007044669e-06
02B7,1.649033007044669e-06
05F5,1.649033007044669e-06
07F2,1.649033007044669e-06
053E,1.649033007044669e-06
039E,1.649033007044669e-06
0635,1.649033007044669e-06
058B,1.649033007044669e-06
02C4,1.649033007044669e-06
001C,1.649033007044669e-06
057B,1.649033007044669e-06
016A,1.649033007044669e-06
0107,1.649033007044669e-06
033C,1.649033007044669e-06
06FA,1.649033007044669e-06
0169,1.649033007044669e-06
03A1,1.649033007044669e-06
075B,1.649033007044669e-06
0663,1.649033007044669e-06
0259,1.649033007044669e-06
069A,1.649033007044669e-06
0704,1.649033007044669e-06
00EF,1.649033007044669e-06
03C5,1.649033007044669e-06
0412,1.649033007044669e-06
07C6,1.649033007044669e-06
07E3,1.649033007044669e-06
0275,1.649033007044669e-06
0158,1.649033007044669e-06
0408,1.649033007044669e-06
0366,1.649033007044669e-06
06FE,1.649033007044669e-06
0235,1.649033007044669e-06
00AA,1.649033007044669e-06
029C,1.649033007044669e-06
056A,1.649033007044669e-06
07EC,1.649033007044669e-06
062F,1.649033007044669e-06
026B,1.649033007044669e-06
05F3,1.649033007044669e-06
05AB,1.649033007044669e-06
02EE,1.649033007044669e-06
0681,1.649033007044669e-06
0402,1.649033007044669e-06
04C6,1.649033007044669e-06
0701,1.649033007044669e-06
0798,1.649033007044669e-06
0550,1.649033007044669e-06
0689,1.649033007044669e-06
0771,1.649033007044669e-06
